{"commitInfo":{"timestamp":1731079082260,"operation":"WRITE","operationParameters":{"mode":"ErrorIfExists","partitionBy":"[]"},"isolationLevel":"Serializable","isBlindAppend":true,"operationMetrics":{"numFiles":"1","numOutputRows":"13","numOutputBytes":"2868"},"engineInfo":"Apache-Spark/3.5.3 Delta-Lake/3.2.0","txnId":"7f44ebd3-5087-44a2-abfc-1c38e7173aca"}}
{"metaData":{"id":"90558c9d-c66a-4f60-82ae-ea5a9a2b5a0d","format":{"provider":"parquet","options":{}},"schemaString":"{\"type\":\"struct\",\"fields\":[{\"name\":\"id\",\"type\":\"string\",\"nullable\":true,\"metadata\":{}},{\"name\":\"name\",\"type\":\"string\",\"nullable\":true,\"metadata\":{}},{\"name\":\"age\",\"type\":\"string\",\"nullable\":true,\"metadata\":{}},{\"name\":\"department\",\"type\":\"string\",\"nullable\":true,\"metadata\":{}},{\"name\":\"salary\",\"type\":\"string\",\"nullable\":true,\"metadata\":{}},{\"name\":\"email\",\"type\":\"string\",\"nullable\":true,\"metadata\":{}},{\"name\":\"hire_date\",\"type\":\"string\",\"nullable\":true,\"metadata\":{}},{\"name\":\"gender\",\"type\":\"string\",\"nullable\":true,\"metadata\":{}}]}","partitionColumns":[],"configuration":{},"createdTime":1731079081180}}
{"protocol":{"minReaderVersion":1,"minWriterVersion":2}}
{"add":{"path":"part-00000-19e181cb-f2f4-479d-b882-5f7517a5432e-c000.snappy.parquet","partitionValues":{},"size":2868,"modificationTime":1731079082064,"dataChange":true,"stats":"{\"numRecords\":13,\"minValues\":{\"id\":\"1\",\"name\":\"Alice\",\"age\":\"25\",\"department\":\"Engineering\",\"salary\":\"48000\",\"email\":\"2018-11-11\",\"hire_date\":\"2012-01-01\",\"gender\":\"Female\"},\"maxValues\":{\"id\":\"9\",\"name\":\"Top\",\"age\":\"55\",\"department\":\"Marketing\",\"salary\":\"95000\",\"email\":\"hank@example.com\",\"hire_date\":\"Male\",\"gender\":\"Male\"},\"nullCount\":{\"id\":0,\"name\":0,\"age\":0,\"department\":0,\"salary\":2,\"email\":3,\"hire_date\":0,\"gender\":1}}"}}
