low,low,5more,more,small,low,1,1,1,3,2006,4928017370845990,77,Diesel
low,low,5more,more,small,med,1,1,2,3,2017,4422455860393590,71,Petrol
low,low,5more,more,small,high,1,1,3,3,2002,39687612035023900,269,Petrol
low,low,5more,more,med,low,1,1,1,3,2016,386732045870462,194,Diesel
low,low,5more,more,med,med,1,1,2,3,2002,14861032527424700,80,Diesel
low,low,5more,more,med,high,1,1,3,3,2005,13566902466572500,183,Petrol
low,low,5more,more,big,low,1,1,1,3,2008,24998771007749500,177,Electric
low,low,5more,more,big,med,1,1,2,3,2010,17066669663432000,83,Petrol
low,low,5more,more,big,high,1,1,3,3,2014,12208522183574000,250,Electric
vhigh,vhigh,2,2,small,low,4,4,1,1,2004,1473530940258250,100,Electric
