src,dst,distance,description
1,2,5,Ba Dinh to Bac Tu Liem
1,3,10,Ba Dinh to Cau Giay
2,4,15,Bac Tu Liem to Dong Da
3,4,20,Cau Giay to Dong Da
2,5,25,Bac Tu Liem to Ha Dong
4,6,30,Dong Da to Hai Ba Trung
5,6,35,Ha Dong to Hai Ba Trung
6,7,40,Hai Ba Trung to Hoan Kiem
7,8,45,Hoan Kiem to Hoang Mai
8,9,50,Hoang Mai to Long Bien
9,10,55,Long Bien to Tay Ho
10,11,60,Tay Ho to Thanh Xuan
11,12,65 Thanh Xuan to Nam Tu Liem
12,13,70,Nam Tu Liem to Dong Anh
13,14,75,Dong Anh to Gia Lam
14,15,80,Gia Lam to Thanh Tri
15,16,85,Thanh Tri to Chuong My 
16,17,90,Chuong My to Ba Vi 
17,18,95,Ba Vi to Hoai Duc 
18,19,100,Hoai Duc to My Duc 
19,20,105,My Duc to Phuc Tho 